eid,ac08,state,ac,year,bye,won,margin,ashare
05-05-035,2008-05-035,uttarakhand,hardwar rural,2022,0,0,-46.38,0.21
05-05-059,2008-05-059,uttarakhand,haldwani,2022,0,0,-49.27,0.91
05-05-067,2008-05-067,uttarakhand,kichha,2022,0,0,-49.039997,0.47
05-05-070,2008-05-070,uttarakhand,khatima,2022,0,0,-51.8,0.09
09-17-003,2008-09-003,uttar pradesh,saharanpur nagar,2017,0,0,-46.43,0.25
09-17-008,2008-09-008,uttar pradesh,kairana,2017,0,0,-46.609997,0.65
09-17-017,2008-09-017,uttar pradesh,najibabad,2017,0,0,-36.579998,0.97
09-17-018,2008-09-018,uttar pradesh,nagina,2017,0,0,-34.66,2.09
09-17-025,2008-09-025,uttar pradesh,kanth,2017,0,0,-21.099998,9.05
09-17-026,2008-09-026,uttar pradesh,thakurdwara,2017,0,0,-38.39,3.68
09-17-027,2008-09-027,uttar pradesh,moradabad rural,2017,0,0,-42.649998,1.58
09-17-028,2008-09-028,uttar pradesh,moradabad,2017,0,0,-44.26,0.34
09-17-029,2008-09-029,uttar pradesh,kunderki,2017,0,0,-39.170002,2.66
09-17-033,2008-09-033,uttar pradesh,sambhal,2017,0,0,-8.25,24.59
09-17-041,2008-09-041,uttar pradesh,amroha,2017,0,0,-35.68,1.42
09-17-042,2008-09-042,uttar pradesh,hasanpur,2017,0,0,-43.170002,0.48
09-17-075,2008-09-075,uttar pradesh,koil,2017,0,0,-40.84,0.2
09-17-088,2008-09-088,uttar pradesh,agra south,2017,0,0,-51.399998,0.11
09-17-097,2008-09-097,uttar pradesh,firozabad,2017,0,0,-39.25,4.94
09-17-115,2008-09-115,uttar pradesh,badaun,2017,0,0,-40.620003,0.42
09-17-159,2008-09-159,uttar pradesh,bilgram malanwan,2017,0,0,-36.39,1.22
09-17-171,2008-09-171,uttar pradesh,lucknow west,2017,0,0,-41.949997,0.81
09-17-174,2008-09-174,uttar pradesh,lucknow central,2017,0,0,-39.010002,1.19
09-17-187,2008-09-187,uttar pradesh,issauli,2017,0,0,-24.92,2.02
09-17-214,2008-09-214,uttar pradesh,aryanagar,2017,0,0,-47.079998,1.06
09-17-263,2008-09-263,uttar pradesh,allahabad south,2017,0,0,-52.039997,0.49
09-17-267,2008-09-267,uttar pradesh,ram nagar,2017,0,0,-39.329998,0.54
09-17-268,2008-09-268,uttar pradesh,barabanki,2017,0,0,-40.25,0.29
09-17-274,2008-09-274,uttar pradesh,bikapur,2017,0,0,-40.73,1.47
09-17-278,2008-09-278,uttar pradesh,tanda,2017,0,0,-35.34,1.01
09-17-284,2008-09-284,uttar pradesh,matera,2017,0,0,-38.84,0.61
09-17-288,2008-09-288,uttar pradesh,kaiserganj,2017,0,0,-38.899998,1.77
09-17-290,2008-09-290,uttar pradesh,shrawasti,2017,0,0,-31.650002,1.21
09-17-292,2008-09-292,uttar pradesh,gainsari,2017,0,0,-26.8,1.61
09-17-293,2008-09-293,uttar pradesh,utraula,2017,0,0,-41.449997,1.49
09-17-302,2008-09-302,uttar pradesh,shohratgarh,2017,0,0,-33.59,2.64
09-17-312,2008-09-312,uttar pradesh,mehndawal,2017,0,0,-30.219997,8.47
09-17-313,2008-09-313,uttar pradesh,khalilabad,2017,0,0,-31.019999,1.15
09-17-315,2008-09-315,uttar pradesh,pharenda,2017,0,0,-37.420002,0.94
09-17-316,2008-09-316,uttar pradesh,nautanwa,2017,0,0,-36.23,0.84
09-17-329,2008-09-329,uttar pradesh,khadda,2017,0,0,-37.699997,4.56
09-17-338,2008-09-338,uttar pradesh,pathardeva,2017,0,0,-51.14,0.95
09-18-002,2008-09-002,uttar pradesh,nakur,2022,0,0,-37.14,1.33
09-18-004,2008-09-004,uttar pradesh,saharanpur,2022,0,0,-38.03,3.15
09-18-005,2008-09-005,uttar pradesh,deoband,2022,0,0,-37.32,1.45
09-18-009,2008-09-009,uttar pradesh,thana bhawan,2022,0,0,-47.32,0.15
09-18-011,2008-09-011,uttar pradesh,budhana,2022,0,0,-50.25,1.03
09-18-012,2008-09-012,uttar pradesh,charthawal,2022,0,0,-42.36,1.46
09-18-014,2008-09-014,uttar pradesh,muzaffarnagar,2022,0,0,-47.91,1.66
09-18-018,2008-09-018,uttar pradesh,nagina,2022,0,0,-39.25,4.26
09-18-019,2008-09-019,uttar pradesh,barhapur,2022,0,0,-41.160004,0.42
09-18-022,2008-09-022,uttar pradesh,bijnor,2022,0,0,-37.63,0.91
09-18-023,2008-09-023,uttar pradesh,chandpur,2022,0,0,-39.63,0.71
09-18-025,2008-09-025,uttar pradesh,kanth,2022,0,0,-48.14,1.05
09-18-027,2008-09-027,uttar pradesh,moradabad rural,2022,0,0,-55.940002,0.94
09-18-028,2008-09-028,uttar pradesh,moradabad,2022,0,0,-45.289997,0.83
09-18-029,2008-09-029,uttar pradesh,kunderki,2022,0,0,-41.04,5.24
09-18-030,2008-09-030,uttar pradesh,bilari,2022,0,0,-36.05,3.87
09-18-032,2008-09-032,uttar pradesh,asmoli,2022,0,0,-37.909996,5.01
09-18-033,2008-09-033,uttar pradesh,sambhal,2022,0,0,-34.96,8.77
09-18-039,2008-09-039,uttar pradesh,dhanaura,2022,0,0,-41.9,0.39
09-18-040,2008-09-040,uttar pradesh,naugawan sadat,2022,0,0,-43.890003,0.42
09-18-042,2008-09-042,uttar pradesh,hasanpur,2022,0,0,-42.82,1.85
09-18-043,2008-09-043,uttar pradesh,siwalkhas,2022,0,0,-42.25,1.29
09-18-044,2008-09-044,uttar pradesh,sardhana,2022,0,0,-48.15,0.6
09-18-045,2008-09-045,uttar pradesh,hastinapur,2022,0,0,-44.86,1.86
09-18-046,2008-09-046,uttar pradesh,kithore,2022,0,0,-40.289997,1.9
09-18-048,2008-09-048,uttar pradesh,meerut,2022,0,0,-51.260002,1.51
09-18-050,2008-09-050,uttar pradesh,chaprauli,2022,0,0,-52.66,0.64
09-18-053,2008-09-053,uttar pradesh,loni,2022,0,0,-39.42,1.02
09-18-055,2008-09-055,uttar pradesh,sahibabad,2022,0,0,-66.14,0.89
09-18-058,2008-09-058,uttar pradesh,dholana,2022,0,0,-43.390003,1.26
09-18-060,2008-09-060,uttar pradesh,garmukhteshwar,2022,0,0,-42.01,2.06
09-18-064,2008-09-064,uttar pradesh,sikandrabad,2022,0,0,-45.37,0.63
09-18-072,2008-09-072,uttar pradesh,barauli,2022,0,0,-60.19,0.38
09-18-097,2008-09-097,uttar pradesh,firozabad,2022,0,0,-36.13,7.3
09-18-098,2008-09-098,uttar pradesh,shikohabad,2022,0,0,-44.02,1.12
09-18-123,2008-09-123,uttar pradesh,bithari chainpur,2022,0,0,-45.379997,1.15
09-18-124,2008-09-124,uttar pradesh,bareilly city,2022,0,0,-53.04,0.73
09-18-142,2008-09-142,uttar pradesh,lakhimpur,2022,0,0,-46.93,0.45
09-18-156,2008-09-156,uttar pradesh,hardoi,2022,0,0,-52.92,0.27
09-18-161,2008-09-161,uttar pradesh,sandila,2022,0,0,-49.05,0.71
09-18-174,2008-09-174,uttar pradesh,lucknow central,2022,0,0,-49.32,0.3
09-18-187,2008-09-187,uttar pradesh,issauli,2022,0,0,-32.71,1.63
09-18-188,2008-09-188,uttar pradesh,sultanpur,2022,0,0,-39.850002,2.39
09-18-195,2008-09-195,uttar pradesh,bhojpur,2022,0,0,-48.69,1.99
09-18-198,2008-09-198,uttar pradesh,kannauj,2022,0,0,-42.879997,1.65
09-18-216,2008-09-216,uttar pradesh,kanpur cantonment,2022,0,0,-49.4,0.59
09-18-223,2008-09-223,uttar pradesh,jhansi nagar,2022,0,0,-57.730003,0.92
09-18-248,2008-09-248,uttar pradesh,pratapgarh,2022,0,0,-42.489998,3.31
09-18-250,2008-09-250,uttar pradesh,raniganj,2022,0,0,-33.82,6.23
09-18-251,2008-09-251,uttar pradesh,sirathu,2022,0,0,-46.11,0.38
09-18-253,2008-09-253,uttar pradesh,chail,2022,0,0,-38.22,1.43
09-18-255,2008-09-255,uttar pradesh,soraon,2022,0,0,-38.690002,2.3
09-18-262,2008-09-262,uttar pradesh,allahabad north,2022,0,0,-54.579998,0.49
09-18-263,2008-09-263,uttar pradesh,allahabad south,2022,0,0,-53.29,0.85
09-18-266,2008-09-266,uttar pradesh,kursi,2022,0,0,-38.190002,2.96
09-18-267,2008-09-267,uttar pradesh,ram nagar,2022,0,0,-39.86,2.1
09-18-269,2008-09-269,uttar pradesh,zaidpur,2022,0,0,-39.75,1.11
09-18-270,2008-09-270,uttar pradesh,dariyabad,2022,0,0,-45.899998,0.97
09-18-271,2008-09-271,uttar pradesh,rudauli,2022,0,0,-38.4,4.55
09-18-278,2008-09-278,uttar pradesh,tanda,2022,0,0,-40.09,3.4
09-18-283,2008-09-283,uttar pradesh,nanpara,2022,0,0,-41.92,1.99
09-18-286,2008-09-286,uttar pradesh,bahraich,2022,0,0,-45.48,0.97
09-18-287,2008-09-287,uttar pradesh,payagpur,2022,0,0,-46.22,1.55
09-18-288,2008-09-288,uttar pradesh,kaiserganj,2022,0,0,-43.41,2.1
09-18-289,2008-09-289,uttar pradesh,bhinga,2022,0,0,-43.09,1.76
09-18-292,2008-09-292,uttar pradesh,gainsari,2022,0,0,-37.89,1.79
09-18-293,2008-09-293,uttar pradesh,utraula,2022,0,0,-38.16,6.27
09-18-304,2008-09-304,uttar pradesh,bansi,2022,0,0,-43.0,1.82
09-18-306,2008-09-306,uttar pradesh,domariaganj,2022,0,0,-39.079998,2.11
09-18-309,2008-09-309,uttar pradesh,rudhauli,2022,0,0,-35.44,1.38
09-18-318,2008-09-318,uttar pradesh,maharajganj,2022,0,0,-48.85,2.95
09-18-319,2008-09-319,uttar pradesh,paniara,2022,0,0,-50.78,1.33
09-18-323,2008-09-323,uttar pradesh,gorakhpur rural,2022,0,0,-48.21,1.38
09-18-329,2008-09-329,uttar pradesh,khadda,2022,0,0,-35.07,8.01
09-18-330,2008-09-330,uttar pradesh,padrauna,2022,0,0,-46.329998,3.47
09-18-333,2008-09-333,uttar pradesh,kushinagar,2022,0,0,-50.88,1.26
09-18-341,2008-09-341,uttar pradesh,salempur,2022,0,0,-44.61,1.54
09-18-344,2008-09-344,uttar pradesh,gopalpur,2022,0,0,-36.92,3.95
09-18-346,2008-09-346,uttar pradesh,mubarakpur,2022,0,0,-19.75,16.27
09-18-347,2008-09-347,uttar pradesh,azamgarh,2022,0,0,-40.32,2.34
09-18-348,2008-09-348,uttar pradesh,nizamabad,2022,0,0,-39.920002,3.3
09-18-350,2008-09-350,uttar pradesh,didarganj,2022,0,0,-35.9,1.09
09-18-352,2008-09-352,uttar pradesh,mehnagar,2022,0,0,-37.37,1.98
09-18-361,2008-09-361,uttar pradesh,ballia nagar,2022,0,0,-50.88,0.34
09-18-365,2008-09-365,uttar pradesh,shahganj,2022,0,0,-32.84,3.37
09-18-366,2008-09-366,uttar pradesh,jaunpur,2022,0,0,-36.84,2.51
09-18-368,2008-09-368,uttar pradesh,mungra badshahpur,2022,0,0,-41.440002,0.46
09-18-375,2008-09-375,uttar pradesh,ghazipur,2022,0,0,-40.25,0.56
09-18-377,2008-09-377,uttar pradesh,zahoorabad,2022,0,0,-45.83,0.62
09-18-380,2008-09-380,uttar pradesh,mughalsarai,2022,0,0,-40.460003,1.94
09-18-388,2008-09-388,uttar pradesh,varanasi north,2022,0,0,-53.940002,0.67
09-18-389,2008-09-389,uttar pradesh,varanasi south,2022,0,0,-50.58,0.3
09-18-392,2008-09-392,uttar pradesh,bhadohi,2022,0,0,-38.99,1.25
09-18-394,2008-09-394,uttar pradesh,aurai,2022,0,0,-40.719997,0.97
09-18-396,2008-09-396,uttar pradesh,mirzapur,2022,0,0,-51.61,0.48
10-16-047,2008-10-047,bihar,raniganj,2015,0,0,-47.120003,1.03
10-16-054,2008-10-054,bihar,kishanganj,2015,0,0,-29.230001,9.6
10-16-055,2008-10-055,bihar,kochadhaman,2015,0,0,-13.279999,26.14
10-16-056,2008-10-056,bihar,amour,2015,0,0,-58.0,1.16
10-16-057,2008-10-057,bihar,baisi,2015,0,0,-31.18,10.37
10-16-065,2008-10-065,bihar,balrampur,2015,0,0,-28.470001,3.23
10-17-009,2008-10-009,bihar,sikta,2020,0,0,-23.84,5.01
10-17-045,2008-10-045,bihar,chhatapur,2020,0,0,-45.41,0.98
10-17-046,2008-10-046,bihar,narpatganj,2020,0,0,-46.32,2.74
10-17-047,2008-10-047,bihar,raniganj,2020,0,0,-42.82,1.3
10-17-049,2008-10-049,bihar,araria,2020,0,0,-50.09,4.75
10-17-050,2008-10-050,bihar,jokihat,2020,0,1,4.2400017,34.22
10-17-052,2008-10-052,bihar,bahadurganj,2020,0,1,26.210001,49.77
10-17-053,2008-10-053,bihar,thakurganj,2020,0,0,-31.66,9.82
10-17-054,2008-10-054,bihar,kishanganj,2020,0,0,-10.740002,23.46
10-17-055,2008-10-055,bihar,kochadhaman,2020,0,1,22.37,49.45
10-17-056,2008-10-056,bihar,amour,2020,0,1,28.449999,51.17
10-17-057,2008-10-057,bihar,baisi,2020,0,1,9.16,38.27
10-17-058,2008-10-058,bihar,kasba,2020,0,0,-38.3,2.82
10-17-066,2008-10-066,bihar,pranpur,2020,0,0,-39.72,0.25
10-17-067,2008-10-067,bihar,manihari,2020,0,0,-44.440002,1.37
10-17-068,2008-10-068,bihar,barari,2020,0,0,-41.1,3.61
10-17-098,2008-10-098,bihar,sahebganj,2020,0,0,-42.04,2.21
10-17-145,2008-10-145,bihar,sahebpur kamal,2020,0,0,-36.38,5.07
10-17-188,2008-10-188,bihar,phulwari,2020,0,0,-41.17,2.4
10-17-226,2008-10-226,bihar,sherghati,2020,0,0,-27.070002,8.67
19-17-036,2008-19-036,west bengal,itahar,2021,0,0,-58.67,0.43
19-17-047,2008-19-047,west bengal,malatipur,2021,0,0,-67.13,0.89
19-17-060,2008-19-060,west bengal,sagardighi,2021,0,0,-49.100002,1.85
19-17-069,2008-19-069,west bengal,bharatpur,2021,0,0,-49.800003,1.1
19-17-076,2008-19-076,west bengal,jalangi,2021,0,0,-55.140003,0.6
19-17-281,2008-19-281,west bengal,asansol uttar,2021,0,0,-51.54,0.78
20-04-001,2008-20-001,jharkhand,rajmahal,2019,0,0,-41.85,0.41
20-04-013,2008-20-013,jharkhand,madhupur,2019,0,0,-34.100002,4.3
20-04-014,2008-20-014,jharkhand,sarath,2019,0,0,-36.5,6.0
20-04-018,2008-20-018,jharkhand,mahagama,2019,0,0,-42.57,2.92
20-04-020,2008-20-020,jharkhand,barkatha,2019,0,0,-25.59,8.7
20-04-022,2008-20-022,jharkhand,barkagaon,2019,0,0,-42.780003,1.35
20-04-024,2008-20-024,jharkhand,mandhu,2019,0,0,-15.02,5.85
20-04-025,2008-20-025,jharkhand,hazaribagh,2019,0,0,-45.0,4.12
20-04-028,2008-20-028,jharkhand,dhanwar,2019,0,0,-19.46,8.12
20-04-031,2008-20-031,jharkhand,gandey,2019,0,0,-31.49,3.22
20-04-033,2008-20-033,jharkhand,dumri,2019,0,0,-24.7,12.68
20-04-036,2008-20-036,jharkhand,bokaro,2019,0,0,-39.429996,1.99
20-04-049,2008-20-049,jharkhand,jamshedpur west,2019,0,0,-46.12,4.16
20-04-066,2008-20-066,jharkhand,mandar,2019,0,0,-30.650002,10.5
20-04-077,2008-20-077,jharkhand,bishrampur,2019,0,0,-15.450001,6.14
20-04-080,2008-20-080,jharkhand,garhwa,2019,0,0,-41.86,2.6
27-09-170,,maharashtra,nanded,1999,0,0,-34.75,0.61
27-11-086,2008-27-086,maharashtra,nanded north,2009,0,0,-41.329998,7.77
27-11-235,2008-27-235,maharashtra,latur city,2009,0,0,-64.58,0.33
27-12-007,2008-27-007,maharashtra,dhule city,2014,0,0,-34.71,2.43
27-12-086,2008-27-086,maharashtra,nanded north,2014,0,0,-4.51,18.18
27-12-087,2008-27-087,maharashtra,nanded south,2014,0,0,-6.459999,19.85
27-12-096,2008-27-096,maharashtra,parbhani,2014,0,0,-13.939999,23.68
27-12-107,2008-27-107,maharashtra,aurangabad central,2014,0,1,10.600002,32.81
27-12-109,2008-27-109,maharashtra,aurangabad east,2014,0,0,-2.4199982,34.36
27-12-114,2008-27-114,maharashtra,malegaon central,2014,0,0,-32.43,12.57
27-12-136,2008-27-136,maharashtra,bhiwandi west,2014,0,0,-30.240002,3.75
27-12-137,2008-27-137,maharashtra,bhiwandi east,2014,0,0,-15.58,11.98
27-12-149,2008-27-149,maharashtra,mumbra kalwa,2014,0,0,-42.43,9.9
27-12-159,2008-27-159,maharashtra,dindoshi,2014,0,0,-34.440002,1.03
27-12-164,2008-27-164,maharashtra,versova,2014,0,0,-24.779999,17.16
27-12-165,2008-27-165,maharashtra,andheri west,2014,0,0,-38.41,2.66
27-12-171,2008-27-171,maharashtra,mankhurd shivaji nagar,2014,0,0,-29.099998,3.52
27-12-174,2008-27-174,maharashtra,kurla,2014,0,0,-11.820002,19.22
27-12-176,2008-27-176,maharashtra,vandre east,2014,0,0,-13.98,19.25
27-12-179,2008-27-179,maharashtra,sion koliwada,2014,0,0,-26.1,4.4
27-12-184,2008-27-184,maharashtra,byculla,2014,0,1,1.0900002,20.33
27-12-186,2008-27-186,maharashtra,mumba devi,2014,0,0,-20.88,14.67
27-12-242,2008-27-242,maharashtra,osmanabad,2014,0,0,-38.77,2.1
27-12-248,2008-27-248,maharashtra,solapur city north,2014,0,0,-48.66,8.07
27-12-249,2008-27-249,maharashtra,solapur city central,2014,0,0,-6.0200005,22.88
27-12-250,2008-27-250,maharashtra,akkalkot,2014,0,0,-44.94,0.77
27-12-251,2008-27-251,maharashtra,solapur south,2014,0,0,-33.35,7.02
27-13-007,2008-27-007,maharashtra,dhule city,2019,0,1,2.0500011,28.93
27-13-011,2008-27-011,maharashtra,raver,2019,0,0,-36.579998,1.74
27-13-022,2008-27-022,maharashtra,buldhana,2019,0,0,-35.710003,2.12
27-13-029,2008-27-029,maharashtra,balapur,2019,0,0,-12.709999,22.77
27-13-033,2008-27-033,maharashtra,risod,2019,0,0,-33.69,0.33
27-13-042,2008-27-042,maharashtra,achalpur,2019,0,0,-40.46,3.42
27-13-055,2008-27-055,maharashtra,nagpur central,2019,0,0,-41.12,5.25
27-13-057,2008-27-057,maharashtra,nagpur north,2019,0,0,-39.589996,4.76
27-13-058,2008-27-058,maharashtra,kamthi,2019,0,0,-42.36,3.22
27-13-086,2008-27-086,maharashtra,nanded north,2019,0,0,-11.07,22.11
27-13-087,2008-27-087,maharashtra,nanded south,2019,0,0,-14.67,11.01
27-13-089,2008-27-089,maharashtra,naigaon,2019,0,0,-55.62,0.45
27-13-096,2008-27-096,maharashtra,parbhani,2019,0,0,-42.57,11.83
27-13-101,2008-27-101,maharashtra,jalna,2019,0,0,-46.96,2.32
27-13-107,2008-27-107,maharashtra,aurangabad central,2019,0,0,-7.1500015,35.12
27-13-108,2008-27-108,maharashtra,aurangabad west,2019,0,0,-22.29,19.71
27-13-109,2008-27-109,maharashtra,aurangabad east,2019,0,0,-7.1299973,40.97
27-13-110,2008-27-110,maharashtra,paithan,2019,0,0,-31.04,8.07
27-13-114,2008-27-114,maharashtra,malegaon central,2019,0,1,19.23,58.52
27-13-138,2008-27-138,maharashtra,kalyan west,2019,0,0,-29.17,5.33
27-13-162,2008-27-162,maharashtra,malad west,2019,0,0,-50.35,0.52
27-13-165,2008-27-165,maharashtra,andheri west,2019,0,0,-43.95,5.28
27-13-168,2008-27-168,maharashtra,chandivali,2019,0,0,-43.15,0.59
27-13-172,2008-27-172,maharashtra,anushakti nagar,2019,0,0,-46.41,0.43
27-13-174,2008-27-174,maharashtra,kurla,2019,0,0,-30.539997,14.06
27-13-175,2008-27-175,maharashtra,kalina,2019,0,0,-34.309998,2.22
27-13-176,2008-27-176,maharashtra,vandre east,2019,0,0,-20.330002,9.95
27-13-178,2008-27-178,maharashtra,dharavi,2019,0,0,-34.31,11.0
27-13-184,2008-27-184,maharashtra,byculla,2019,0,0,-16.05,24.98
27-13-186,2008-27-186,maharashtra,mumba devi,2019,0,0,-48.94,5.93
27-13-208,2008-27-208,maharashtra,vadgaol sheri,2019,0,0,-41.94,3.59
27-13-213,2008-27-213,maharashtra,hadapsar,2019,0,0,-35.44,3.32
27-13-214,2008-27-214,maharashtra,pune cantonment,2019,0,0,-36.36,4.85
27-13-220,2008-27-220,maharashtra,shrirampur,2019,0,0,-50.329998,0.54
27-13-225,2008-27-225,maharashtra,ahmednagar city,2019,0,0,-43.69,4.04
27-13-229,2008-27-229,maharashtra,majalgaon,2019,0,0,-47.64,1.22
27-13-230,2008-27-230,maharashtra,beed,2019,0,0,-41.56,3.6
27-13-236,2008-27-236,maharashtra,ahmadpur,2019,0,0,-38.44,0.93
27-13-248,2008-27-248,maharashtra,solapur city north,2019,0,0,-60.09,3.55
27-13-249,2008-27-249,maharashtra,solapur city central,2019,0,0,-7.5599995,23.02
27-13-251,2008-27-251,maharashtra,solapur south,2019,0,0,-52.420002,1.23
27-13-253,2008-27-253,maharashtra,sangole,2019,0,0,-45.7,0.46
27-13-260,2008-27-260,maharashtra,karad south,2019,0,0,-43.57,0.33
27-13-278,2008-27-278,maharashtra,hatkanangle,2019,0,0,-31.199999,0.37
28-11-213,,andhra pradesh,asafnagar,1999,0,0,-20.760002,22.14
28-11-215,,andhra pradesh,karwan,1999,0,1,7.720001,44.66
28-11-216,,andhra pradesh,yakutpura,1999,0,1,22.72,48.07
28-11-217,,andhra pradesh,chandrayangutta,1999,0,1,6.2299995,34.87
28-11-218,,andhra pradesh,charminar,1999,0,1,48.760002,66.15
28-12-161,,andhra pradesh,kadiri,2004,0,0,-33.85,7.41
28-12-207,,andhra pradesh,himayatnagar,2004,0,0,-39.460003,10.37
28-12-213,,andhra pradesh,asafnagar,2004,0,0,-3.369999,37.89
28-12-215,,andhra pradesh,karwan,2004,0,1,13.09,49.54
28-12-216,,andhra pradesh,yakutpura,2004,0,1,39.68,57.54
28-12-217,,andhra pradesh,chandrayangutta,2004,0,1,8.670002,42.45
28-12-218,,andhra pradesh,charminar,2004,0,1,60.619995,73.52
28-13-051,2008-28-051,andhra pradesh,rajendranagar,2009,0,0,-16.43,14.6
28-13-058,2008-28-058,andhra pradesh,malakpet,2009,0,1,8.26,30.44
28-13-063,2008-28-063,andhra pradesh,nampally,2009,0,1,6.129999,31.07
28-13-064,2008-28-064,andhra pradesh,karwan,2009,0,1,17.19,40.07
28-13-066,2008-28-066,andhra pradesh,charminar,2009,0,1,11.889999,48.61
28-13-067,2008-28-067,andhra pradesh,chandrayangutta,2009,0,1,15.540001,46.59
28-13-068,2008-28-068,andhra pradesh,yakutpura,2009,0,1,37.760002,53.82
28-13-069,2008-28-069,andhra pradesh,bahadurpura,2009,0,1,61.370003,70.8
28-14-079,2008-28-198,andhra pradesh,vijayawada west,2014,0,0,-40.71,0.18
28-14-088,2008-28-207,andhra pradesh,ponnur,2014,0,0,-50.030003,0.12
28-14-094,2008-28-213,andhra pradesh,guntur west,2014,0,0,-45.9,0.1
28-14-095,2008-28-214,andhra pradesh,guntur east,2014,0,0,-47.56,0.1
28-14-111,2008-28-230,andhra pradesh,markapuram,2014,0,0,-50.66,0.11
28-14-128,2008-28-247,andhra pradesh,rayachoti,2014,0,0,-54.77,1.62
28-14-139,2008-28-258,andhra pradesh,nandyal,2014,0,0,-46.49,0.48
28-14-146,2008-28-265,andhra pradesh,adoni,2014,0,0,-50.65,1.32
28-14-147,2008-28-266,andhra pradesh,alur,2014,0,0,-41.38,0.28
28-14-150,2008-28-269,andhra pradesh,guntakal,2014,0,0,-46.81,0.43
28-14-152,2008-28-271,andhra pradesh,singanamala,2014,0,0,-48.859997,0.08
28-14-153,2008-28-272,andhra pradesh,anantapur urban,2014,0,0,-47.64,0.43
28-14-157,2008-28-276,andhra pradesh,hindupur,2014,0,0,-50.52,0.6
28-14-161,2008-28-280,andhra pradesh,kadiri,2014,0,0,-48.100002,0.19
28-14-164,2008-28-283,andhra pradesh,madanapalle,2014,0,0,-47.68,0.4
33-11-047,2008-33-047,tamil nadu,vaniayambadi,2016,0,0,-34.45,5.86
33-11-053,2008-33-053,tamil nadu,krishnagiri,2016,0,0,-43.71,0.09
33-12-047,2008-33-047,tamil nadu,vaniayambadi,2021,0,0,-45.33,1.0
33-12-053,2008-33-053,tamil nadu,krishnagiri,2021,0,0,-44.97,0.41
33-12-079,2008-33-079,tamil nadu,sankarapuram,2021,0,0,-55.98,0.18
36-01-017,2008-28-017,telangana,nizamabad urban,2014,0,0,-7.619999,23.53
36-01-040,2008-28-040,telangana,patancheru,2014,0,0,-35.06,2.0
36-01-044,2008-28-044,telangana,malkajgiri,2014,0,0,-31.989998,1.43
36-01-045,2008-28-045,telangana,quthbullapur,2014,0,0,-34.170002,5.21
36-01-047,2008-28-047,telangana,uppal,2014,0,0,-33.530003,2.94
36-01-048,2008-28-048,telangana,ibrahimpatnam,2014,0,0,-26.28,0.39
36-01-051,2008-28-051,telangana,rajendranagar,2014,0,0,-12.539999,21.37
36-01-052,2008-28-052,telangana,serilingampally,2014,0,0,-41.949997,3.92
36-01-057,2008-28-057,telangana,musheerabad,2014,0,0,-39.47,3.75
36-01-058,2008-28-058,telangana,malakpet,2014,0,1,18.630001,47.24
36-01-059,2008-28-059,telangana,amberpet,2014,0,0,-43.7,12.0
36-01-061,2008-28-061,telangana,jubilee hills,2014,0,0,-5.59,25.19
36-01-063,2008-28-063,telangana,nampally,2014,0,1,13.130001,47.48
36-01-064,2008-28-064,telangana,karwan,2014,0,1,23.59,53.95
36-01-066,2008-28-066,telangana,charminar,2014,0,1,33.22,57.11
36-01-067,2008-28-067,telangana,chandrayangutta,2014,0,1,43.64,59.19
36-01-068,2008-28-068,telangana,yakutpura,2014,0,1,23.61,45.84
36-01-069,2008-28-069,telangana,bahadurpura,2014,0,1,69.78,78.46
36-01-070,2008-28-070,telangana,secunderabad,2014,0,0,-33.09,9.31
36-01-094,2008-28-094,telangana,bhongir,2014,0,0,-33.82,0.54
36-02-051,2008-28-051,telangana,rajendranagar,2018,0,0,-24.869999,18.55
36-02-058,2008-28-058,telangana,malakpet,2018,0,1,18.91,42.86
36-02-063,2008-28-063,telangana,nampally,2018,0,1,7.010002,41.99
36-02-064,2008-28-064,telangana,karwan,2018,0,1,30.29,52.88
36-02-066,2008-28-066,telangana,charminar,2018,0,1,32.32,53.36
36-02-067,2008-28-067,telangana,chandrayangutta,2018,0,1,57.21,67.96
36-02-068,2008-28-068,telangana,yakutpura,2018,0,1,33.12,49.07
36-02-069,2008-28-069,telangana,bahadurpura,2018,0,1,63.18,74.26
