mandal,ward_no,old_city,population,literacy_rate_7plus,female_literacy_rate_7plus,male_female_literacy_gap,wpr_all_ages,wpr_7plus,female_wpr_all_ages,female_wpr_7plus,main_worker_share,child_share_0_6,sc_share
amberpet,83,no,26762,81.0,75.5,11.1,36.9,42.0,18.8,21.3,82.7,12.2,5.8
amberpet,84,no,41720,81.0,74.8,12.0,32.4,37.4,12.5,14.4,79.1,13.4,6.0
amberpet,85,no,24826,86.0,81.7,8.5,37.9,42.7,19.6,22.0,82.4,11.2,7.7
amberpet,86,no,27719,88.0,84.4,7.2,43.8,48.0,29.9,32.7,70.1,8.8,5.3
amberpet,87,no,32531,90.7,87.1,7.2,40.5,44.3,22.9,24.9,81.6,8.6,8.7
ameerpet,99,no,20958,90.5,88.0,5.1,41.8,45.7,25.5,27.8,77.7,8.5,3.0
ameerpet,100,no,38112,86.1,81.6,9.0,42.2,47.3,26.4,29.5,72.9,10.7,7.9
asifnagar,61,yes,43718,79.3,74.7,8.9,34.1,39.5,16.3,18.9,82.9,13.8,3.1
asifnagar,62,yes,33674,73.0,66.3,13.0,35.5,41.1,16.7,19.2,77.0,13.5,21.0
asifnagar,63,yes,37129,72.0,69.5,5.0,30.5,36.3,12.1,14.4,77.5,15.8,2.2
asifnagar,64,yes,42684,74.1,69.0,10.1,34.5,39.6,15.8,18.1,78.2,13.1,3.5
asifnagar,65,yes,42365,78.1,74.4,7.2,34.5,39.7,17.2,19.7,76.9,13.2,7.4
asifnagar,66,yes,41452,81.3,77.7,7.1,31.7,36.6,15.4,17.8,80.8,13.4,1.5
asifnagar,67,yes,40688,86.2,82.9,6.4,39.9,44.8,22.5,25.3,82.6,11.0,7.7
asifnagar,72,yes,40889,82.7,79.9,5.6,30.5,35.1,14.7,16.9,79.7,13.0,1.3
asifnagar,73,yes,31635,91.9,90.2,3.4,34.5,38.8,18.6,20.9,86.6,11.2,4.7
asifnagar,74,yes,25847,85.7,82.8,5.7,34.9,39.3,18.6,20.8,79.7,11.1,11.0
asifnagar,75,yes,34868,81.5,77.9,7.0,32.3,37.1,13.8,15.8,83.7,13.0,9.1
asifnagar,76,yes,27280,89.4,87.4,3.9,31.7,35.9,14.3,16.2,91.6,11.7,4.4
bahadurpura,37,yes,30725,88.9,86.7,4.2,31.4,35.4,14.8,16.7,71.7,11.4,1.2
bahadurpura,42,yes,28678,85.8,81.7,8.1,38.1,43.0,19.7,22.1,83.3,11.4,5.7
bahadurpura,43,yes,57542,71.6,65.9,10.6,29.4,34.7,19.0,22.1,67.6,15.2,0.0
bahadurpura,44,yes,41854,74.1,70.9,6.3,32.8,38.1,16.9,19.6,69.6,13.9,0.0
bahadurpura,45,yes,38433,77.9,75.0,5.6,28.5,33.5,13.6,16.0,70.9,14.9,0.0
bahadurpura,46,yes,21082,81.1,77.9,6.3,34.7,40.4,22.0,25.7,78.7,14.1,0.0
bahadurpura,47,yes,28268,84.9,83.1,3.7,29.1,34.0,12.7,14.8,77.3,14.4,0.2
bahadurpura,48,yes,37323,82.4,79.7,5.0,27.0,31.5,11.2,13.1,67.1,14.5,0.4
bahadurpura,49,yes,17601,88.1,82.5,10.6,33.4,37.5,15.6,17.5,84.9,10.8,1.0
bahadurpura,53,yes,31292,80.9,77.7,6.5,31.9,36.1,12.7,14.3,82.3,11.7,11.2
bahadurpura,54,yes,40105,80.0,77.1,5.5,31.9,37.0,14.5,16.7,79.9,13.8,1.5
bahadurpura,55,yes,38482,80.3,77.7,5.1,28.8,33.6,12.1,14.1,82.1,14.4,1.3
bahadurpura,56,yes,56773,76.5,73.3,6.2,30.5,35.2,14.4,16.7,71.1,13.4,0.6
bandlaguda,22,yes,47220,82.1,80.0,4.0,29.9,34.9,12.9,15.0,75.1,14.3,1.1
bandlaguda,23,yes,35196,77.6,75.5,4.0,31.9,37.1,14.4,16.7,79.0,13.9,1.3
bandlaguda,24,yes,60763,79.2,75.5,7.3,29.3,33.6,13.7,15.7,71.1,12.8,2.0
bandlaguda,25,yes,22589,79.6,74.8,9.2,30.6,35.3,13.7,15.9,76.0,13.4,0.3
bandlaguda,26,yes,43599,80.5,75.8,9.2,30.5,34.7,13.8,15.6,79.3,12.2,7.0
bandlaguda,27,yes,42758,76.5,71.2,10.2,33.0,38.2,16.9,19.5,72.8,13.7,9.1
bandlaguda,28,yes,46256,81.2,77.1,8.0,33.3,38.7,15.6,18.1,80.4,13.9,3.9
bandlaguda,41,yes,31812,83.2,77.7,10.9,37.3,41.9,19.8,22.1,76.6,11.1,9.8
charminar,29,yes,54010,84.1,81.8,4.5,28.1,32.4,10.6,12.1,77.8,13.1,0.3
charminar,31,yes,25280,85.4,83.3,4.1,30.2,34.5,14.1,16.0,63.8,12.4,0.3
charminar,36,yes,32375,82.8,78.8,7.8,29.9,33.9,14.2,16.1,68.6,11.8,2.1
charminar,38,yes,25782,89.5,87.0,4.8,31.8,36.0,13.7,15.6,72.3,11.6,2.0
charminar,39,yes,68878,79.8,77.6,4.2,28.3,32.8,12.7,14.6,54.0,13.7,0.0
charminar,40,yes,31269,86.9,84.0,5.6,31.4,35.8,13.3,15.1,75.7,12.5,6.8
golconda,68,yes,60074,80.8,76.0,9.5,36.3,41.7,18.7,21.4,80.6,13.0,4.2
golconda,69,yes,39933,82.0,76.7,10.3,34.8,40.1,17.6,20.2,78.1,13.1,11.5
golconda,70,yes,63787,85.2,82.5,5.5,28.8,33.8,11.1,12.9,73.3,14.8,1.2
golconda,71,yes,49565,82.7,77.6,9.5,38.9,44.5,20.6,23.8,73.7,12.5,1.4
himayathnagar,80,no,40354,90.4,87.6,5.6,40.2,44.2,24.7,27.0,72.2,9.2,5.6
himayathnagar,81,no,30388,90.6,87.9,5.4,42.7,46.9,26.8,29.4,78.9,8.9,7.3
himayathnagar,82,no,37320,85.1,81.3,7.4,35.4,39.5,17.6,19.5,79.5,10.4,7.0
khairatabad,96,no,28768,80.7,76.0,9.1,39.3,44.7,21.6,24.6,73.4,12.2,5.9
khairatabad,97,no,35780,90.0,86.9,6.1,38.8,43.2,22.0,24.4,87.5,10.2,11.5
khairatabad,98,no,26569,88.8,86.0,5.5,41.6,46.1,26.4,29.1,78.0,9.6,6.8
khairatabad,102,no,42054,81.9,77.5,8.7,38.2,43.7,22.2,25.4,76.1,12.6,5.5
khairatabad,103,no,54039,88.5,85.0,6.9,42.2,47.5,26.6,29.8,74.4,11.1,4.4
khairatabad,106,no,43270,86.6,82.1,8.4,42.1,47.5,24.2,27.4,74.2,11.3,6.6
khairatabad,108,no,40905,78.9,73.7,10.1,36.6,42.2,18.6,21.4,74.9,13.4,7.9
maredpalle,140,no,52831,87.0,82.5,9.1,35.9,39.8,19.2,21.2,78.4,9.9,15.1
maredpalle,141,no,33742,87.8,83.2,9.2,36.9,40.2,20.7,22.5,84.5,8.4,15.7
maredpalle,142,no,24089,84.7,78.5,12.3,42.7,48.0,28.7,31.9,80.8,11.0,7.0
maredpalle,149,no,31948,86.5,83.2,6.7,41.2,45.3,26.7,29.3,77.2,9.1,9.8
maredpalle,150,no,29932,78.5,73.3,10.6,37.9,42.7,20.8,23.3,79.4,11.2,25.1
musheerabad,1,no,6762,86.8,75.8,20.0,12.9,13.5,6.4,6.7,86.9,3.9,14.3
musheerabad,88,no,36526,87.8,83.8,7.9,43.3,47.4,28.3,30.8,75.2,8.7,11.7
musheerabad,89,no,34664,88.8,85.2,7.2,40.6,45.1,23.4,25.8,78.4,10.0,7.7
musheerabad,90,no,34899,87.6,84.1,7.0,38.2,42.9,21.4,24.0,83.0,11.1,12.6
musheerabad,91,no,28426,84.7,80.4,8.4,36.7,41.8,18.4,20.8,78.4,12.1,4.0
musheerabad,92,no,31697,79.9,76.5,6.8,33.3,38.4,16.8,19.3,79.8,13.2,7.2
musheerabad,93,no,26593,88.7,85.0,7.4,43.6,48.1,29.7,32.7,72.9,9.4,9.2
musheerabad,94,no,28887,81.2,75.1,12.2,38.5,43.1,20.7,23.1,81.2,10.7,14.3
musheerabad,95,no,32690,85.4,80.9,9.1,43.6,48.0,30.5,33.5,72.0,9.2,11.2
musheerabad,143,no,52527,85.9,81.4,8.9,36.4,41.2,17.7,19.9,83.9,11.5,3.6
musheerabad,144,no,34190,87.7,83.8,7.7,35.3,39.6,17.2,19.3,84.5,10.8,6.1
nampally,50,no,30615,86.3,81.5,9.3,34.0,38.3,12.4,14.0,83.1,11.3,6.6
nampally,51,no,35729,86.4,81.7,9.0,39.4,44.5,25.7,28.8,70.7,11.5,1.9
nampally,52,no,28660,80.0,73.9,11.9,36.0,40.6,17.4,19.6,73.5,11.1,9.6
nampally,77,no,40798,79.8,76.7,6.2,38.7,44.0,22.0,25.0,74.4,12.1,7.5
nampally,78,no,22309,87.9,85.0,5.8,37.6,41.2,19.1,20.8,89.0,8.6,12.8
nampally,79,no,31267,90.9,87.8,6.1,34.3,37.9,15.3,16.8,88.0,9.4,2.9
saidabad,18,yes,25242,88.7,85.2,6.7,38.9,43.2,21.9,24.2,71.8,10.0,10.2
saidabad,19,yes,45226,88.0,84.4,7.1,34.5,38.6,17.7,19.7,81.5,10.6,8.6
saidabad,20,yes,45484,78.6,73.8,9.3,40.3,45.6,24.3,27.5,89.3,11.6,9.5
saidabad,21,yes,56751,84.8,81.8,5.8,32.7,37.6,15.8,18.2,75.8,13.2,3.2
saidabad,30,yes,22888,84.2,79.3,9.5,32.3,36.6,16.4,18.6,72.4,11.8,8.3
saidabad,32,yes,39521,88.2,85.1,6.0,33.6,37.7,18.3,20.5,81.9,10.9,5.2
saidabad,33,yes,23269,89.2,86.1,6.0,38.4,43.2,22.6,25.3,77.2,11.2,4.2
saidabad,34,yes,47127,83.2,79.0,8.2,33.8,37.9,18.0,20.1,75.2,10.9,3.3
saidabad,35,yes,40214,80.9,78.0,5.8,31.9,35.9,16.9,19.0,71.1,11.2,3.0
secunderabad,145,no,34659,83.6,79.4,8.8,40.3,44.7,25.0,27.7,78.9,9.8,14.6
secunderabad,146,no,29920,83.3,78.4,9.8,40.4,44.8,23.1,25.5,81.8,9.9,14.2
secunderabad,147,no,41336,88.7,85.3,6.7,37.8,41.8,17.8,19.7,82.7,9.7,6.1
secunderabad,148,no,29455,79.9,75.9,7.8,39.1,43.8,22.5,25.2,78.7,10.8,6.6
shaikpet,104,no,30701,90.2,87.5,5.5,39.9,44.1,24.0,26.3,83.9,9.4,5.2
shaikpet,105,no,69177,79.7,75.1,9.1,40.6,46.4,26.1,29.7,74.4,12.5,8.0
shaikpet,107,no,60103,74.3,67.8,12.4,41.2,48.1,25.1,29.3,76.3,14.2,7.3
shaikpet,109,no,51014,78.2,73.0,10.3,45.3,51.1,30.2,34.1,83.7,11.4,8.2
shaikpet,110,no,39937,86.0,81.9,8.1,34.6,40.1,17.1,19.8,83.2,13.9,4.8
tirumalagiri,1,no,28700,86.7,82.7,7.8,35.7,40.3,16.8,18.9,83.6,11.3,11.2
tirumalagiri,2,no,32628,73.6,68.1,11.0,41.7,48.0,26.1,30.0,71.0,13.0,11.3
tirumalagiri,3,no,23111,79.7,75.7,8.0,40.9,45.7,25.6,28.5,75.1,10.4,13.2
tirumalagiri,4,no,22698,88.7,84.9,7.1,46.7,51.4,28.9,31.8,80.3,9.1,14.8
tirumalagiri,5,no,24492,84.9,80.3,9.2,43.0,47.7,26.9,29.8,80.6,9.8,13.9
tirumalagiri,6,no,27522,87.8,84.5,6.6,41.4,45.5,24.2,26.4,73.7,9.0,4.7
tirumalagiri,7,no,27438,88.7,83.2,9.6,50.2,55.0,27.4,30.3,77.4,8.7,14.8
tirumalagiri,8,no,31321,90.8,86.4,8.2,41.2,46.2,17.5,19.7,86.9,10.7,20.5
